id,商品条形码,商品名称,品牌,具体产品,单位,口味,规格,标签
1,8806002016917,100ml维他500苹果味饮料,维他,维他500饮料,瓶装,苹果味,100ml,wt-wt500yl-pz-pgw-100ml
2,4711609000778,330ml乡田真纯豆奶,乡田真,乡田真纯豆奶,瓶装,原味,330ml,xtz-xtzcdn-pz-yw-330ml
3,8886471309871,35g果果先森三色果干,果果先森,果果先森三色果干,袋装,原味,35g,ggxs-ggxsssgg-dz-yw-35g
4,9555814800052,60g贝鲁斯鱿鱼鲜,贝鲁斯,贝鲁斯鱿鱼鲜,袋装,原味,60g,bls-blsyyx-dz-yw-60g
5,8997031609024,30g奥嘉莱印尼虾片-披萨味,奥嘉莱,奥嘉莱印尼虾片,袋装,披萨味,30g,ajl-ajlynxp-dz-psw-30g
6,8997788990864,30g奥嘉莱印尼蟹片-烤蟹味,奥嘉莱,奥嘉莱印尼蟹片,袋装,烤蟹味,30g,ajl-ajlynxp-dz-kxw-30g
7,8997788990857,30g奥嘉莱印尼蟹片-黑胡椒味,奥嘉莱,奥嘉莱印尼蟹片,袋装,黑胡椒味,30g,ajl-ajlynxp-dz-hhjw-30g
8,9555814800038,60g贝鲁斯切达干酪芝士圈,贝鲁斯,贝鲁斯切达干酪芝士圈,袋装,原味,60g,bls-blsqdgnzsq-dz-yw-60g
9,8997031609017,30g奥嘉莱印尼虾片-原味,奥嘉莱,奥嘉莱印尼虾片,袋装,原味,30g,ajl-ajlynxp-dz-yw-30g
10,8997031609031,30g奥嘉莱印尼虾片-火辣味,奥嘉莱,奥嘉莱印尼虾片,袋装,火辣味,30g,ajl-ajlynxp-dz-hlw-30g
11,8997788990802,30g奥嘉莱印尼虾片-烧烤味,奥嘉莱,奥嘉莱印尼虾片,袋装,烧烤味,30g,ajl-ajlynxp-dz-skw-30g
12,4897047806605,25g芝麻街牛奶片-蜂蜜味,芝麻街,芝麻街牛奶片,袋装,蜂蜜味,25g,zmj-zmjnnp-dz-fmw-25g
13,4897047806469,25g芝麻街牛奶片-原味,芝麻街,芝麻街牛奶片,袋装,原味,25g,zmj-zmjnnp-dz-yw-25g
14,8852690002930,40g苏梅SAMUI椰子脆片,苏梅SAMUI,苏梅SAMUI椰子脆,袋装,原味,40g,smSAMUI-smSAMUIyzc-dz-yw-40g
15,9556345280016,60g妙妙鸡味香脆片,妙妙,妙妙鸡味香脆片,包装,鸡味,60g,mm-mmjwxcp-bz-jw-60g
16,9556345007491,60g妙妙鱿鱼味卷,妙妙,妙妙鱿鱼味卷,包装,鱿鱼味,60g,mm-mmyywj-bz-yyw-60g
17,9556345008573,60g妙妙虾味香脆棒,妙妙,妙妙虾味香脆棒,包装,虾味,60g,mm-mmxwxcb-bz-xw-60g
18,8991102281416,115g明茨MintZ薄荷味软糖,明茨MintZ,明茨MintZ软糖,袋装,薄荷味,115g,mcMintZ-mcMintZrt-dz-bhw-115g
19,8991102281430,115g明茨MintZ双重薄荷味软糖,明茨MintZ,明茨MintZ软糖,袋装,双重薄荷味,115g,mcMintZ-mcMintZrt-dz-scbhw-115g
20,8961003011733,84g露怡椰子味曲奇饼干,露怡,露怡曲奇饼干,袋装,椰子味,84g,ly-lyqqbg-dz-yzw-84g
21,8851019010267,45g格力高Pocky奶油曲奇涂层饼干,格力高,格力高Pocky草莓味涂层饼干,盒装,草莓味,45g,glg-glgPockycmwtcbg-hz-cmw-45g
22,8961003010316,108g露怡焦糖味酥性饼干,露怡,露怡酥性饼干,盒装,焦糖味,108g,ly-lysxbg-hz-jtw-108g
23,8961003010217,84g露怡TUC咸脆饼干,露怡TUC,露怡TUC咸脆饼干,盒装,原味,84g,lyTUC-lyTUCwcbg-hz-yw-84g
24,4710035330169,45g森永多乐福水果硬糖（混合水果味）,森永多乐福,森永多乐福水果硬糖,罐装,混合水果味,45g,sydlf-sydlgsgyt-gz-hhsgw-45g
25,9556023985578,60g杰克薯片（原味）,杰克,杰克薯片,罐装,原味,60g,jk-jksp-gz-yw-60g
26,9556023652142,60g杰克薯片（香辣味）,杰克,杰克薯片,罐装,香辣味,60g,jk-jksp-gz-xlw-60g
27,8936137560501,200g黄龙绿豆糕,黄龙,黄龙绿豆糕,盒装,原味,200g,hl-hlldg-hz-yw-200g
28,8993083932936,80g河马莉牌巧克力味小熊造型夹心饼干,河马莉,河马莉小熊造型夹心饼干,盒装,巧克力味,80g,hml-hmlxxzxjxbg-hz-qklw-80g
29,4710873700216,500ml名屋水蜜桃汁饮料,名屋,名屋水蜜桃汁饮料,听装,原味,500ml,mw-mwsmtzyl-tz-yw-500ml
30,4710873700148,500ml名屋综合果汁饮料,名屋,名屋综合果汁饮料,听装,原味,500ml,mw-mwzhgzyl-tz-yw-500ml
31,4710873700209,500ml名屋芒果汁饮料,名屋,名屋芒果汁饮料,听装,原味,500ml,mw-mwmgzyl-tz-yw-500ml
32,4710873700230,500ml名屋葡萄果汁,名屋,名屋葡萄果汁,听装,原味,500ml,mw-mwptgz-tz-yw-500ml
33,8809022201035,35g汤姆农场蜂蜜黄油扁桃仁,汤姆农场,汤姆农场蜂蜜黄油扁桃仁,袋装,原味,35g,tmnc-tmncfmhybtr-dz-yw-35g
34,4710199085509,100g维力张君雅小妹妹碳烤鸡汁点心面,维力,维力张君雅小妹妹碳烤鸡汁点心面,袋装,原味,100g,wl-wlzjyxmmtkjzdxm-dz-yw-100g
35,8801019311932,121g海太ACE饼干,海太,海太ACE饼干,盒装,原味,121g,ht-htACEbg-hz-yw-121g
36,838452005164,75g健仕动物形饼干,健仕,健仕动物形饼干,盒装,原味,75g,js-jsdwxbg-hz-yw-75g
37,8851019010465,44g格力高pejoy巧克力味注心饼干,格力高,格力高pejoy注心饼干,盒装,巧克力味,44g,glg-glgpejoyzxbg-hz-qklw-44g
38,8936068230924,50g榙榙芒果干,榙榙,榙榙芒果干,袋装,原味,50g,tt-ttmgg-dz-yw-50g
39,8936068230948,50g榙榙黄桃干,榙榙,榙榙黄桃干,袋装,原味,50g,tt-tthtg-dz-yw-50g
40,8855044019745,290mlNit@奇亚籽草莓汁饮料,Nit,Nit奇亚籽草莓汁饮料,瓶装,原味,290ml,Nit-Nitqyzcmzyl-pz-yw-290ml
41,8855044019776,290mlNit@奇亚籽百香果汁饮料,Nit,Nit奇亚籽百香果汁饮料,瓶装,原味,290ml,Nit-Nitqyzbxgzyl-pz-yw-290ml
42,8855044019752,290mlNit@奇亚籽芒果汁饮料,Nit,Nit奇亚籽芒果汁饮料,瓶装,原味,290ml,Nit-Nitqyzmgzyl-pz-yw-290ml
43,8855044018212,290mlNit@奇亚籽荔枝汁饮料,Nit,Nit奇亚籽荔枝汁饮料,瓶装,原味,290ml,Nit-Nitqyzlzzyl-pz-yw-290ml
44,4710944702026,30g雪天果蜂蜜柠檬味软喉糖-老虎头（台湾统一制果）,雪天果,雪天果蜂蜜柠檬味老虎头软喉糖,袋装,原味,30g,xtg-xtgfmnmwlhtrht-dz-yw-30g
45,4710944702002,30g雪天果枇杷味软喉糖-公鸡头（台湾统一制果）,雪天果,雪天果枇杷味公鸡头软喉糖,袋装,原味,30g,xtg-xtgppwjgtrht-dz-yw-30g
46,8855044004628,290ml乐可芬椰子汁饮料（含椰果）（原味）,乐可芬,乐可芬椰子汁饮料,瓶装,原味,290ml,lkf-lkfyzzyl-pz-yw-290ml
47,8855044006684,290ml乐可芬芒果味椰子汁饮料（含椰果）,乐可芬,乐可芬芒果味椰子汁饮料,瓶装,原味,290ml,lkf-lkfyzzyl-pz-mangguow-290ml
48,8855044006691,290ml乐可芬木瓜味椰子汁饮料（含椰果）,乐可芬,乐可芬木瓜味椰子汁饮料,瓶装,原味,290ml,lkf-lkfyzzyl-pz-muguaw-290ml
49,8936094346071,75g榙榙综合蔬果干,榙榙,榙榙综合蔬果干,袋装,原味,75g,tt-ttzhsgg-dz-yw-75g
50,9556023210229,60g杰克袋装薯片-烧烤味,杰克,杰克袋装薯片,袋装,烧烤味,60g,jk-jkdzsp-dz-skw-60g
51,9556023210212,60g杰克袋装薯片-原味,杰克,杰克袋装薯片,袋装,原味,60g,jk-jkdzsp-dz-yw-60g
52,8809424900932,5g*3迪士尼传统海苔,七福屋,七福屋迪士尼传统海苔,袋装,原味,15g,qfw-qfwdsnctht-dz-yw-15g
53,4712782568109,80g榙榙咸鸭蛋黄饼干,榙榙,榙榙咸鸭蛋黄饼干,盒装,原味,80g,tt-ttxydhbg-hz-yw-80g
54,8801074256568,36g客唻美奶酪鳕鱼饼（原味）,客唻美,客唻美奶酪鳕鱼饼,条装,原味,36g,klm-klmnnxyb-tz-yw-36g
55,8801074001649,36g客唻美奶酪鳕鱼饼（虾味）,客唻美,客唻美奶酪鳕鱼饼,条装,虾味,36g,klm-klmnnxyb-tz-xw-36g
56,8801074001656,36g客唻美奶酪鳕鱼饼（蟹味）,客唻美,客唻美奶酪鳕鱼饼,条装,蟹味,36g,klm-klmnnxyb-tz-xiewei-36g
57,9556218128179,120g伦敦奶酪奶油味心形蛋糕,伦敦,伦敦奶酪奶油味心形蛋糕,盒装,奶酪奶油味,120g,ld-ldnnnywxxdg-hz-nnnyw-120g
58,9556218128186,120g伦敦牛奶味心形蛋糕,伦敦,伦敦牛奶味心形蛋糕,盒装,牛奶味,120g,ld-ldnnwxxdg-hz-nnw-120g
59,8938521254034,100g河马莉迷你蛋酥-特浓牛奶味,河马莉,河马莉迷你蛋酥,瓶装,特浓牛奶味,100g,hml-hmlmnds-pz-tnnnw-100g
60,8938521254041,100g河马莉迷你蛋酥-综合水果味,河马莉,河马莉迷你蛋酥,瓶装,综合水果味,100g,hml-hmlmnds-pz-zhsgw-100g
61,9556023222161,184gZESS杰思牌原味梳打饼干,ZESS杰思牌,ZESS杰思牌原味梳打饼干,袋装,原味,184g,ZESSjsp-ZESSjspywsdbg-dz-yw-184g
62,9556023223892,148gZESS杰思牌巧克力味饼干,ZESS杰思牌,ZESS杰思牌饼干,袋装,巧克力味,148g,ZESSjsp-ZESSjspbg-dz-qklw-148g
63,9556296300993,150g乐一百cocoalaland巧克力派,乐一百,乐一百cocoalaland巧克力派,袋装,原味,150g,lyb-lybcocoalalandqklp-dz-yw-150g
64,9556296313207,150g乐一百cocoalaland（黑色）巧克力派,乐一百,乐一百cocoalaland黑色巧克力派,袋装,原味,150g,lyb-lybcocoalalanhsdqklp-dz-yw-150g
65,9556296314464,150g乐一百cocoalaland巧克力派（草莓味）,乐一百,乐一百cocoalaland巧克力派,袋装,草莓味,150g,lyb-lybcocoalalandqklp-dz-cmw-150g
66,4897035711294,100g拉菲原味牛奶片-袋装,拉菲,拉菲原味牛奶片,袋装,原味,100g,lf-lfywnnp-dz-yw-100g
67,4711931012203,152g皇族和风花生夹心糯米饼,皇族,皇族和风花生夹心糯米饼,盒装,原味,152g,hz-hzhfhsjxnmb-hz-yw-152g
68,4711931012197,152g皇族和风芝麻夹心糯米饼,皇族,皇族和风芝麻夹心糯米饼,盒装,原味,152g,hz-hzhfzmjxnmb-hz-yw-152g
69,8993175537605,160g（20×8g）丽芝士雅嘉奶酪夹心玉米棒,丽芝士,丽芝士雅嘉奶酪夹心玉米棒,盒装,原味,160g,lzs-lzsyjnnjxymb-hz-yw-160g
70,77330170116,90g丹麦蓝罐曲奇,丹麦,丹麦蓝罐曲奇,盒装,原味,90g,dm-dmlgqq-hz-yw-90g
71,9556023220068,108g福多提拉米苏味蛋糕,福多,ls-lskssfqwsp-bz-kssfqw-70g,盒装,提拉米苏味,108g,fd-fdtlmswdg-hz-tlmsw-108g
72,4901620147129,49.7g可可味脆派（日清巧克力麦脆披萨）,可可味脆派,可可味脆派日清巧克力麦脆披萨,盒装,原味,49.7g,kkwcp-kkwcprqqklmcps-hz-yw-49.7g
73,9556023223687,144gZESS杰思牌柠檬味夹心饼干（方形）,ZESS杰思牌,ZESS杰思牌夹心饼干,盒装,柠檬味,144g,ZESSjsp-ZESSjspjxbg-hz-nmw-144g
74,9556023223328,156.8gZESS杰思牌香草巧克力味夹心饼干,ZESS杰思牌,ZESS杰思牌夹心饼干,盒装,香草巧克力味,156.8g,ZESSjsp-ZESSjspjxbg-hz-xcqklw-156.8g
75,4711162821322,180g北田能量99棒蛋黄口味,北田,北田能量99棒,袋装,蛋黄口味,180g,bt-btnl99b-dz-dhkw-180g
76,4895058314287,150gEDO.pack巨浪大切薯片-香辣味,EDO,EDOpack巨浪大切薯片,罐装,香辣味,150g,EDO-EDOpackjldqsp-gz-xlw-150g
77,4895058314508,150gEDO.pack巨浪大切薯片-原味,EDO,EDOpack巨浪大切薯片,罐装,原味,150g,EDO-EDOpackjldqsp-gz-yw-150g
78,4903316430805,110g理本生梅怡糖,理本,理本生梅怡糖,袋装,原味,110g,lb-lbsmyt-dz-yw-110g
79,8858702410823,27g老板仔紫菜卷-原味,老板仔,老板仔紫菜卷,盒装,原味,27g,lbz-lbzzcj-hz-yw-27g
80,9555280603119,132g新乐记牌猫山王榴莲饼（热加工糕点）,新乐记,新乐记牌猫山王榴莲饼,袋装,原味,132g,xlj-xljpmswllb-dz-yw-132g
81,8801019606540,60g海太蜂蜜黄油薯片,海太,海太蜂蜜黄油薯片,袋装,原味,60g,ht-htfmhysp-dz-yw-60g
82,4901830351705,90g三立白巧克力味夹心饼干,三立,三立白巧克力味夹心饼干,盒装,白巧克力味,90g,sl-slbqklwxjbg-hz-bqklw-90g
83,4719684105333,180g昇田咸蛋麦芽饼,昇田,昇田咸蛋麦芽饼,袋装,原味,180g,st-stxdmyb-dz-yw-180g
84,4895058312139,154gEDO.pack凤梨酥,EDOpack,EDOpack凤梨酥,盒装,原味,154g,EDOpack-EDOpackfls-hz-yw-154g
85,4895058313075,154gEDO.pack芒果酥,EDOpack,EDOpack芒果酥,盒装,原味,154g,EDOpack-EDOpackmgs-hz-yw-154g
86,8852023664101,230g大哥牌香脆日本芥末花生豆,大哥牌,大哥牌香脆日本芥末花生豆,罐装,原味,230g,dgp-dgpxcrbjmhsd-gz-yw-230g
87,8852023665511,230g大哥牌烧烤味花生豆,大哥牌,大哥牌烧烤味花生豆,罐装,烧烤味,230g,dgp-dgpskwhsd-gz-skw-230g
88,4711155314312,130g品味本铺牛奶口味蛋酥-蛋型,品味本铺,品味本铺牛奶口味蛋酥蛋型,罐装,牛奶口味,130g,pwbp-pwbpnnkfdssx-gz-nnkw-130g
89,4712883741296,260g新巧风手工牛轧糖（原味）,新巧风,新巧风手工牛轧糖,袋装,原味,260g,xqf-xqfsgnzt-dz-yw-260g
90,9331275008288,150g瑞丹多牌威化卷心酥(巧克力味),瑞丹多牌,瑞丹多牌威化卷心酥,罐装,巧克力味,150g,rddp-rddpwhjxs-gz-qklw-150g
91,8809260943360,ls-lskssfqwsp-bz-kssfqw-70g,三进三进黑X5,三进三进黑X5夹心巧克力棒,盒装,原味,144g,ajsjhX5-ajsjhX5jxqklb-hz-yw-144g
92,8809260944787,144g三进x-5花生香蕉巧克力棒（4支装）,三进X5,三进x5花生香蕉巧克力棒,盒装,原味,144g,sjX5-sjX5hsxjqklb-hz-yw-144g
93,8801019312878,108g海太烤薯棒饼干,海太,海太烤薯棒饼干,罐装,原味,108g,ht-htksbbg-gz-yw-108g
94,8809260944770,144g三进X-5花生巧克力棒（4支装）,三进X5,三进X5花生巧克力棒,盒装,原味,144g,sjX5-sjX5hsqklb-hz-yw-144g
95,6924743919259,乐事70g黄瓜味,乐事,乐事黄瓜味,袋装,黄瓜味,70g,ls-lshgw-dz-hgw-70g
96,6924743919778,乐事大波浪薯片（碳烤五花肉味）40g,乐事,乐事大波浪薯片,袋装,碳烤五花肉味,40g,ls-lsdblsp-dz-tkwhrw-40g
97,6924743921948,乐事大波浪薯片（真浓番茄味）40g,乐事,乐事大波浪薯片,袋装,真浓番茄味,40g,ls-lsdblsp-dz-znfqw-40g
98,6926475202357,喜之郎7.5g美好时光海苔原味,喜之郎,喜之郎美好时光海苔,袋装,原味,7.5g,xzl-xzlmhsght-dz-yw-7.5g
99,6926475203705,喜之郎7.5g美好时光海苔（番茄）,喜之郎,喜之郎美好时光海苔,袋装,番茄味,7.5g,xzl-xzlmhsght-dz-fxw-7.5g
100,6930763710226,粤秀60g牛肉干(沙嗲),粤秀,粤秀牛肉干,包装,沙嗲味,60g,yx-yxnrg-bz-sdw-60g
101,6930763710233,粤秀60g牛肉干(麻辣),粤秀,粤秀牛肉干,包装,麻辣味,60g,yx-yxnrg-bz-mlw-60g
102,6933066001312,乖媳妇120g山椒凤爪,乖媳妇,乖媳妇山椒凤爪,包装,原味,120g,gxf-gxfsjfz-bz-yw-120g
103,6933311066028,傻二哥30g兰花豆（五香味）,傻二哥,傻二哥五香味兰花豆,包装,五香味,30g,seg-segwxwlhd-bz-wxw-30g
104,6933311066424,傻二哥30g多味花生（五香味）,傻二哥,傻二哥多味花生,袋装,五香味,30g,seg-segdwhs-dz-wxw-30g
105,6933311067414,傻二哥75g南乳花生（原香味）,傻二哥,傻二哥南乳花生,袋装,原香味,75g,seg-segnrhs-dz-yxw-75g
106,6933311067438,傻二哥75g南乳花生（蒜香味）,傻二哥,傻二哥南乳花生,袋装,蒜香味,75g,seg-segnrhs-dz-sxw-75g
107,6935041525387,旺仔125g小馒头（经典原味）,旺仔,旺仔小馒头,包装,经典原味,125g,wz-wzxmt-bz-jdyw-125g
108,6935284499995,卫龙102g卫龙面筋,卫龙,卫龙面筋,袋装,原味,102g,wl-wlmj-dz-yw-102g
109,6936436912317,杨锝48g碳烧鱿鱼丝,杨锝,杨锝碳烧鱿鱼丝,包装,原味,48g,yd-ydtsyys-bz-yw-48g
110,6936436912331,杨锝68g原味鱿鱼丝,杨锝,杨锝原味鱿鱼丝,包装,原味,68g,yd-ydywyys-bz-yw-68g
111,6944215406810,永利佳140g乌梅干（红色）,永利佳,永利佳乌梅干,包装,原味,140g,ylj-yljwmg-bz-yw-140g
112,6944215406889,永利佳115g蜂蜜话梅（红色）,永利佳,永利佳蜂蜜话梅,包装,原味,115g,ylj-yljfmhm-bz-yw-115g
113,6944215409439,永利佳190g九制榄,永利佳,永利佳九制榄,包装,原味,190g,ylj-yljjzl-bz-yw-190g
114,6944215409446,永利佳140g冰糖杨梅,永利佳,永利佳冰糖杨梅,包装,原味,140g,ylj-yljbtym-bz-yw-140g
115,6944215409460,永利佳170g相思梅,永利佳,永利佳相思梅,包装,原味,170g,ylj-yjlxsm-bz-yw-170g
116,6950520301450,欢享70g炭烧猪肉脯（黑椒味）,欢享,欢享炭烧猪肉脯,包装,黑椒味,70g,hx-hxtszrf-bz-hjw-70g
117,6970482440844,小安喂130g素烧烤羊肉味,小安喂,小安喂素烧烤羊肉味,包装,原味,130g,xaw-xawsskyrw-bz-yw-130g
118,6970482440875,小安喂130g素红烧牛肉味,小安喂,小安喂素红烧牛肉味,包装,原味,130g,xaw-zwashsnrw-bz-yw-130g
119,6970482441278,小安喂80g山椒豆干,小安喂,小安喂山椒豆干,包装,原味,80g,xaw-xawsjdg-bz-yw-80g
120,6901010117440,健力宝橙味560ML,健力宝,健力宝橙味,瓶装,橙味,560ml,jlb-jlbcw-pz-cw-560ml
121,6923644266066,蒙牛特仑苏纯牛奶250ml,蒙牛,蒙牛特仑苏纯牛奶,盒装,原味,250ml,mn-mntlscnn-hz-yw-250ml
122,6921168504015,尖叫多肽运动装蓝色550ml,农夫山泉,农夫山泉尖叫多肽运动装蓝色,瓶装,原味,550ml,nfsq-nfsqjjdtydzls-pz-yw-550ml
123,6934024590268,佳得乐运动饮料橙味600ml,佳得乐,佳得乐运动饮料,瓶装,橙味,600ml,jdl-jdlydyl-pz-cw-600ml
124,6901035601870,青岛纯生罐装500ml,青岛,青岛纯生,罐装,原味,500ml,qd-qdcs-gz-yw-500ml
125,6916058680566,百威罐装500ml,百威,百威啤酒罐装,罐装,原味,500ml,bw-bwpjgz-gz-yw-500ml
126,721031940102,珠江纯生500ml,珠江,珠江纯生罐装,罐装,原味,500ml,zj-zjcsgz-gz-yw-500ml
127,6948960100993,哈尔滨罐装500ml,哈尔滨,哈尔滨罐装,罐装,原味,500ml,heb-hebgz-gz-yw-500ml
128,4713120770024,雪球饼干-草莓巧克力,雪球饼干,草莓巧克力雪球饼干,盒装,原味,140ml,xqbg-cmqklxqbg-hz-yw-140ml
129,4713120770529,雪球饼干-玉米浓汤,雪球饼干,玉米浓汤雪球饼干,盒装,原味,115g,xqbg-ymntxqbg-hz-yw-115g
130,4713120770734,京条酥饼-凤梨酥口味饼干,京条酥饼,京条酥饼凤梨酥口味,盒装,凤梨酥口味,170g,jtsb-jtsbflskw-hz-flskw-170g
131,4713120770680,京条酥饼-咸蛋黄口味饼干,京条酥饼,京条酥饼咸蛋黄口味,盒装,咸蛋黄口味,170g,jtsb-jtsbxdhkw-hz-xdhkw-170g
132,4713120770796,京条酥饼-台湾咖啡口味饼干,京条酥饼,京条酥饼台湾咖啡口味,盒装,台湾咖啡口味,170g,jtsb-jtsbtwkfkw-hz-btwkfkw-170g
133,6901668004772,卡夫95g巧轻脆柠檬芝士蛋糕味,卡夫,卡夫奥利奥巧轻脆,盒装,柠檬芝士蛋糕味,95g,kf-kfalaxqc-hz-nmzsdgw-95g
134,6901668005717,卡夫116g奥利奥原味夹心,卡夫,卡夫奥利奥原味夹心,盒装,原味夹心,116g,kf-kfalaywjx-hz-ywjx-116g
135,6901668005915,卡夫97g奥利奥缤纷双果味（蓝梅+树梅）,卡夫,卡夫奥利奥缤纷双果味,盒装,蓝莓树莓味,97g,kf-kfalabfsgw-hz-lmsmw-97g
136,6901668200013,卡夫100g太平梳打饼干（奶盐味）,卡夫,卡夫太平梳打饼干,包装,奶盐味,100g,kf-kftpsdbg-bz-nyw-100g
137,6901668200235,卡夫100g太平梳打饼干（香葱味）,卡夫,卡夫太平梳打饼干,包装,香葱味,100g,kf-kftpsdbg-bz-xcw-100g
138,6901845040692,百醇48g牛奶味注心饼,百醇,百醇注心饼干,盒装,牛奶味,48g,bc-bczxbg-hz-nnw-48g
139,6901845041682,百力滋45g双层抹茶香草味,格力高,格力高百力滋,盒装,双层抹茶香草味,45g,glg-glgblz-hz-scmcxcw-45g
140,6911988000682,达利园250g（10枚）注心草莓派,达利园,达利园注心草莓派,包装,原味,250g,dly-dlyzxcmp-bz-yw-250g
141,6911988011596,达利园160g（8枚）法式小面包,达利园,达利园法式小面包,包装,香奶味,160g,dly-dlyfsxmb-bz-xnw-160g
142,6911988013538,达利园160g(20g*8枚)瑞士卷(草莓味),达利园,达利园瑞士卷,包装,草莓味,160g,dly-dlyrsj-bz-cmw-160g
143,6911988013569,达利园160g(20g*8枚)瑞士卷(香蕉味),达利园,达利园瑞士卷,包装,香蕉味,160g,dly-dlyrsj-bz-xjw-160g
144,6920907801729,好丽友180g可可派6P,好丽友,好丽友可可派,盒装,原味,180g,hly-hlykkp-hz-yw-180g
145,6920907808551,好丽友40g呀土豆（牛排味）,好丽友,好丽友呀土豆,包装,牛排味,40g,hly-hlyytd-bz-npw-40g
146,6920907808599,好丽友40g呀土豆（烤鸡味）,好丽友,好丽友呀土豆,包装,烤鸡味,40g,hly-hlyytd-bz-kjw-40g
147,6924160712686,无穷100g爱辣鸡爪,无穷,无穷爱辣鸡爪,包装,原味,100g,wq-wqaljz-bz-yw-100g
148,6924160712723,无穷70g盐焗鸡腿,无穷,无穷盐焗鸡腿,包装,原味,70g,wq-wqyjjt-bz-yw-70g
149,6924160712877,无穷60g爱辣鸡翅,无穷,无穷爱辣鸡翅,包装,原味,60g,wq-wqaljc-bz-yw-60g
150,6924160712907,无穷70g爱辣鸡腿,无穷,无穷爱辣鸡腿,包装,原味,70g,wq-wqaljt-bz-yw-70g
151,6924160714093,无穷60g烤鸡小腿（蜂蜜）,无穷,无穷烤鸡小腿,包装,蜂蜜味,60g,wq-wqkjxt-bz-fmw-60g
152,6924160714659,无穷100g爱辣鸡蛋,无穷,无穷爱辣鸡蛋,包装,原味,100g,wq-wqaljd-bz-yw-100g
153,6924160714673,无穷56g烤香鸡脖（爱辣味）,无穷,无穷烤香鸡脖,包装,爱辣味,56g,wq-wqkxjb-bz-alw-56g
154,6924160714734,无穷56g烤香鸡脖（微辣味）,无穷,无穷烤香鸡脖,包装,微辣味,56g,wq-wqkxjb-bz-wlw-56g
155,6924187821972,洽洽90g原香瓜子,洽洽,洽洽原香瓜子,包装,原味,90g,qq-qqyxgz-bz-yw-90g
156,6924187834781,洽洽110g香瓜子,洽洽,洽洽香瓜子,包装,原味,110g,qq-qqxgz-bz-yw-110g
157,6924187851160,洽洽108g焦糖瓜子,洽洽,洽洽焦糖瓜子,包装,原味,108g,qq-qqjtgz-bz-yw-108g
158,6924743918283,乐事40g无限忠于原味罐装,乐事,乐事无限忠于原味罐装,罐装,原味,40g,ls-lswxzyywgz-gz-yw-40g
159,6924743918290,乐事40g无限翡翠黄瓜味罐装,乐事,乐事无限翡翠黄瓜味罐装,罐装,翡翠黄瓜味,40g,ls-lswxfchgwgz-gz-fchgw-40g
160,6924743918306,乐事40g无限嗞嗞烤肉味罐装,乐事,乐事无限嗞嗞烤肉味罐装,罐装,滋滋烤肉味,40g,ls-lswxzzkrwgz-gz-zzkrw-40g
161,6924743919228,乐事70g得克萨斯番茄味,乐事,乐事克萨斯番茄味薯片,包装,克萨斯番茄味,70g,ls-lskssfqwsp-bz-kssfqw-70g
162,6921168532025,农夫果园30%混合果蔬饮料波芒500ml,农夫果园,农夫果园百分之三十混合果蔬饮料,瓶装,波芒,500ml,nfgy-nfgybfzsshhgsyl-pz-bmw-500ml
163,6921168532049,农夫果园30%混合果蔬饮料番莓500ml,农夫果园,农夫果园百分之三十混合果蔬饮料,瓶装,番莓味,500ml,nfgy-nfgybfzsshhgsyl-pz-fmw-500ml
164,6921168559077,农夫山泉打奶茶红茶（白）320ml,农夫山泉,农夫山泉打奶茶红茶,瓶装,原味,320ml,nfsq-nfsqdnchc-pz-yw-320ml
165,6921168559084,农夫山泉打奶茶抹茶（黑）320ml,农夫山泉,农夫山泉打奶茶抹茶,瓶装,原味,320ml,nfsq-nfsqdncmc-pz-yw-320ml
166,6921294305166,康师傅低糖绿茶500ml,康师傅,康师傅低糖绿茶,瓶装,蜂蜜茉莉味,500ml,ksf-ksdtlc-pz-fmmlw-500ml
167,6920907800944,好丽友204g（34g*6枚）好丽友派,好丽友,好丽友好丽友派,盒装,巧克力味,204g,hly-hlyhlyp-hz-qklw-204g
168,6920907803020,好丽友168gQ蒂6P,好丽友,好丽友Q蒂,盒装,摩卡巧克力味,168g,hly-hlyQd-hz-mkqklw-168g
169,6920907808032,好丽友33g好多鱼海苔味,好丽友,好丽友好多鱼,盒装,海苔味,33g,hly-hlyhdy-hz-htw-33g
170,6921168593637,农夫山泉果味水葡萄530ml,农夫山泉,农夫山泉果味水葡萄,瓶装,原味,500ml,nfsq-nfsqgwspt-pz-yw-500ml
171,6923450670965,绿箭口香糖,绿箭,绿箭口香糖,瓶装,原味,50g,lj-ljkxt-pz-yw-50g
172,6923450656860,益达口香糖,益达,益达口香糖,瓶装,香橙薄荷味,56g,yd-ydkxt-pz-xcbhw-56g
173,6923450657638,益达口香糖,益达,益达口香糖,瓶装,清爽西瓜味,56g,yd-ydkxt-pz-xsxgw-56g
174,6923450657188,益达口香糖,益达,益达口香糖,瓶装,清新西柚味,56g,yd-ydkxt-pz-qxxyw-56g
175,6925023803565,湘岳鱼豆腐,湘岳,湘岳鱼豆腐,包装,蟹香味,25g,xy-xyydf-bz-xxw-25g
176,8852014003056,小p厨金枪鱼派,小p厨,小p厨金枪鱼派,包装,咖喱味,20g,xpc-xpcjqyp-bz-glw-20g
177,8852014003049,小p厨金枪鱼派,小p厨,小p厨金枪鱼派,包装,原味,20g,xpc-xpcjqyp-bz-yw-20g
178,6914973600072,德芙巧克力,德芙,德芙巧克力,袋装,榛仁味,43g,df-dfqkl-dz-zrw-43g
179,6914973600164,德芙巧克力,德芙,德芙巧克力,袋装,奶香味,43g,df-dfqkl-dz-nxw-43g
180,6914973604032,德芙巧克力,德芙,德芙巧克力,袋装,榛仁巴旦木及葡萄干味,43g,df-dfqkl-dz-zrbdmjptgw-43g
181,8994834004926,Enaak点心面,Enaak,Enaak点心面,袋装,辣味,28g,Enaak-Enaakdxm-dz-lw-28g
182,8851019010229,Pocky涂层饼干,Pocky,Pocky涂层饼干,盒装,芒果味,25g,Pocky-Pockytcbg-hz-mgw-25g
183,6934024590169,佳得乐运动饮料,佳得乐,佳得乐运动饮料,瓶装,柠檬味,600ml,jdl-jdlydyl-pz-nmw-600ml
184,8993175537445,丽芝士纳宝帝奶酪威化饼干,丽芝士,丽芝士纳宝帝奶酪威化饼干,袋装,原味,58g,lzs-lzsnbdnnwhbg-dz-yw-58g
185,8886471309895,果果先森美国樱桃干,果果先森,果果先森美国樱桃干,袋装,原味,15g,ggxs-ggxsmgytg-dz-yw-15g
186,6924743919242,乐事70g得克萨斯烧烤味,乐事,乐事薯片,袋装,得克萨斯烧烤味,70g,ls-lskssskwsp-bz-kssskw-70g
187,6924743919211,乐事70g美国经典原味,乐事,乐事美国经典原味薯片,袋装,经典原味,70g,ls-lssp-dz-mgjdyw-70g
188,6911988014832,达利园200g（10枚）法式软面包（香奶味）,达利园,达利园法式软面包,袋装,香奶味,200g,dly-dlyfsrmb-dz-xnw-200g
189,8851019010274,25g格力高Pocky巧克力香蕉味涂层饼干,格力高,格力高Pocky涂层饼干,盒装,巧克力香蕉味,25g,glg-glgPockytcbg-hz-qklxjw-25g
190,6924743919242,乐事墨西哥鸡汁番茄味薯片,乐事,乐事墨西哥鸡汁番茄味薯片,包装,墨西哥鸡汁番茄味,70g,ls-lsmxgjzfqwsp-bz-mxgjzfqw-70g
191,6923450605240,箭牌12.4g绿箭无糖薄荷糖（薄荷味）,箭牌,无糖薄荷糖,瓶装,薄荷味,12.4g,jp-jpwtbht-pz-bhw-12.4g
192,6920907808513,好丽友40g呀土豆（番茄味）,40g,40g,包,零食,塑料,hly-hlyytdst-dz-fqjw-70g
193,6911988009777,达利园108g好吃点香脆腰果饼,108g,108g,包,零食,塑料,hcd-hcdxcygb-dz-yw-108g
194,6924743919785,乐事大波浪薯片（辛辣味）40g,40g,40g,包,零食,塑料,ls-lsdblsp-dz-xlw-70g
195,4710199080566,80g维力张君雅小妹妹五香海苔休闲丸子,80g,80g,袋,零食,塑料,wl-wlzjyxmmxxwz-dz-wxhtw-80g
196,4710199085707,80g维力张君雅小妹妹日式串烧休闲丸子,80g,80g,袋,零食,塑料,wl-wlzjyxmmxxwz-dz-rscsw-80g
197,4710199087701,78g维力张君雅小妹妹墨西哥辣鸡点心面,78g,78g,袋,零食,塑料,wl-wlzjyxmmdxm-dz-mxgljw-80g
198,6924160714109,无穷60g烤鸡小腿（香辣）,60g,60g,包,熟食,塑料,wq-wqkjxt-dz-xlw-60g
199,6924187851184,洽洽108g核桃味瓜子,108g,108g,包,零食,塑料,qq-qqhtgz-dz-yw-108g
200,4711162821803,180g北田能量99棒芋头口味,180g,180g,袋,零食,塑料,btnl-btnl99bytw-dz-ytw-180g
201,6933311066271,傻二哥100g锅巴（麻辣味）,100g,100g,包,零食,塑料,seg-segclgb-dz-mlw-100g
202,6933311066172,傻二哥100g锅巴（香葱味）,100g,100g,包,零食,塑料,seg-segclgb-dz-xcw-100g
203,6924160714529,无穷100g盐焗鸡蛋,100g,100g,包,熟食,塑料,wq-wqncyjjd-dz-yw-100g
204,6920202888883,红牛罐装250ml,250ml,250ml,罐,饮料,金属,hn-hnwssgnyl-gz-yw-250ml
205,6920476664183,可口可乐330ml,330ml,330ml,瓶,饮料,塑料,kkkl-kkkltsyl-gz-yw-330ml
206,6931780720885,天地壹号罐装300ml,300ml,300ml,罐,饮料,金属,tdyh-tdyhpgc-gz-pg-330ml
207,6956367338680,王老吉凉茶310ml,310ml,310ml,瓶,饮料,塑料,wlj-wljlc-gz-yw-310ml
208,4891028706656,维他柠檬茶罐装310ml,310ml,310ml,瓶,饮料,塑料,wt-wtcyl-gz-nm-310ml
209,6920476664305,雪碧330ml,330ml,300ml,瓶,饮料,塑料,xb-xbtsyl-gz-yw-330ml
210,6957735788861,椰树牌椰子汁 245ml,245ml,245ml,瓶,饮料,塑料,ys-zzyspyz-gz-yw-245ml
211,6920180209601,屈臣氏苏打水330ml,330ml,330ml,瓶,饮料,塑料,qcs-qcssds-gz-yw-330ml
212,4710085107155,240ml伯朗咖啡饮料-卡布奇诺风味,240ml,240ml,瓶,酒饮,塑料,blkf-blkfkbqnfwyl-gz-yw-240ml
213,6907878030037,摩登芬达橙味330ml,330ml,330ml,瓶,饮料,塑料,fd-fdcwqs-gz-czw-330ml
214,6932512600369,广氏菠萝啤罐装330ml,330ml,330ml,罐,饮料,金属,gs-gsblwpj-gz-blw-330ml
215,6901845010176,百奇60g牛奶味,60g,60g,盒,零食,塑料,glg-glgbqbg-hz-nnw-60g
216,6901845010169,百奇60g巧克力味,60g,60g,盒,零食,塑料,glg-glgbqbg-hz-qklw-60g
217,6920907800210,好丽友138g蛋黄派6P,138g,138g,盒,零食,塑料,hly-hlydhp-hz-yw-138g
218,6920907801323,好丽友138g提拉米苏6P,138g,138g,盒,零食,塑料,hly-hlytlmsp-hz-yw-138g
219,8993175537469,145g丽芝士纳宝帝奶酪威化饼干,145g,145g,盒,零食,塑料,lzs-rnbdwhbg-hz-nlw-145g
220,6923644268480,蒙牛真果粒椰果粒250ml,250ml,250ml,瓶,饮料,塑料,mn-zgl-hz-ygw-250ml
221,6901424333948,王老吉凉茶盒装250ml,250ml,250ml,瓶,饮料,塑料,wlj-wljlc-hz-yw-250ml
222,8851019030487,37g格力高PRETZ烧烤风味饼干（极细）,37g,37g,盒,零食,塑料,PRETZ-PRETZbg-hz-skfw-37g
223,8851019030494,37g格力高PRETZ香辣虾味饼干（极细）,37g,37g,盒,零食,塑料,PRETZ-PRETZbg-hz-xlxw-37g
224,6901845040357,百力滋65g微辣比萨味,65g,65g,盒,零食,塑料,glg-glgzsbg-hz-wlbsw-65g
225,6901845040326,百力滋65g色拉味,65g,65g,盒,零食,塑料,glg-glgblzzsbg-hz-slw-65g
226,6901845042610,百力滋60g特浓番茄味,60g,60g,盒,零食,塑料,glg-glgblzzsbg-hz-tnfqw-60g
227,6921482336088,旺仔60g黑白配香橙,60g,60g,包,零食,塑料,ww-wwhbpyzxjxbg-hz-xcw-60g
228,6925303730574,阿萨姆奶茶500ml,500ml,500ml,瓶,饮料,塑料,asm-asmnc-pz-yw-500ml
229,6920476610036,可口可乐600ml,600ml,600ml,瓶,饮料,塑料,kkkl-kkkl-pz-yw-600ml
230,6902538004052,脉动青柠味600ml,600ml,600ml,瓶,饮料,塑料,md-mdwssyl-pz-qn-600ml
231,6956416200067,美汁源果粒橙450ml,450ml,450ml,瓶,饮料,塑料,mzy-mzyglc-pz-czw-450ml
232,6921168593552,农夫茶π西柚茉莉花茶500ml,500ml,500ml,瓶,饮料,塑料,nfsq-nfsqc-pz-xymlhc-500ml
233,6921168593576,农夫茶π柚子绿茶500ml,500ml,500ml,瓶,饮料,塑料,nfsq-nfsqc-pz-yzlc-500ml
234,6921168500956,农夫山泉水溶C100柠檬味饮料445ml,445ml,445ml,瓶,酒饮,塑料,nfsq-nfsqsrc-pz-nmw-445ml
235,6921168509256,农夫山泉饮用天然水550ml,550ml,550ml,瓶,饮料,塑料,nfsq-nfsqyytrs-pz-yw-550ml
236,6925303754952,小茗同学冷泡青柠红茶480ml,480ml,480ml,瓶,饮料,塑料,ty-tyxmtx-pz-lpqnhc-480ml
237,4891028705949,维他柠檬茶支装500ml,500ml,500ml,瓶,饮料,塑料,wt-wtnmc-pz-nm-500ml
238,6901285991219,怡宝纯净水555ml,555ml,555ml,瓶,饮料,塑料,yb-ybcjs-pz-yw-555ml
239,6937761805015,宝矿力500ml,500ml,500ml,瓶,饮料,塑料,bkl-bklst-pz-yw-500ml
240,6921294305012,康师傅冰红茶550ml,550ml,550ml,瓶,饮料,塑料,ksf-ksfbhc-pz-nmw-500ml
241,6921294389463,康师傅冰糖雪梨500ml,500ml,500ml,瓶,饮料,塑料,ksf-ksfbtxl-pz-yw-500ml
242,6902538006100,脉动水蜜桃味600ml,600ml,600ml,瓶,饮料,塑料,md-mdwssyl-pz-smtw-600ml
243,6921168550128,农夫山泉维他命水柠檬味饮料500ml,500ml,500ml,瓶,酒饮,塑料,nfsq-nfsqwtms-pz-nmfw-500ml
244,6921168550098,农夫山泉维他命水蓝莓味饮料500ml,500ml,500ml,瓶,酒饮,塑料,nfsq-nfsqwtms-pz-lmsmfw-500ml
245,6921168593859,农夫山泉维他命水乳酸菌味饮料500ml,500ml,500ml,瓶,酒饮,塑料,nfsq-nfsqwtms-pz-rsjfw-500ml
246,6921168559244,农夫山泉水溶C100青皮桔味饮料445ml,445ml,445ml,瓶,酒饮,塑料,nfsq-nfsqsrc-pz-qpjw-445ml
247,6921168500970,农夫山泉水溶C100西柚味饮料445ml,445ml,445ml,瓶,酒饮,塑料,nfsq-nfsqsrc-pz-xyzw-445ml
248,6921168558032,农夫山泉东方树叶乌龙茶500ml,500ml,500ml,瓶,酒饮,塑料,nfsq-nfsqwlc-pz-wlcw-500ml
249,6921168558018,农夫山泉东方树叶绿茶500ml,500ml,500ml,瓶,酒饮,塑料,nfsq-nfsqlc-pz-lcw-500ml
250,6921168558049,农夫山泉东方树叶茉莉花茶500ml,500ml,500ml,瓶,酒饮,塑料,nfsq-nfsqmlhc-pz-mlhcw-500ml
251,6921168558025,农夫山泉东方树叶红茶500ml,500ml,500ml,瓶,酒饮,塑料,nfsq-nfsqhc-pz-hcw-500ml
252,6921168504022,尖叫纤维运动装绿色550ml,550ml,550ml,瓶,饮料,塑料,nfsq-nfsqjjydyl-pz-xyw-550ml
253,6921168593569,农夫茶π蜜桃乌龙500ml,500ml,500ml,瓶,酒饮,塑料,nfsq-nfsqcp-pz-mtwlc-500ml
254,6921168593736,农夫茶π玫瑰荔枝红茶500ml,500ml,500ml,瓶,饮料,塑料,nfsq-nfsqcp-pz-mglzhc-500ml
255,6921168593583,农夫茶π柠檬红茶500ml,500ml,500ml,瓶,酒饮,塑料,nfsq-nfsqcp-pz-nmhc-500ml
256,6917878030623,雀巢咖啡丝滑摩卡268ml,268ml,268ml,瓶,饮料,塑料,qc-qckf-pz-shmk-268ml
257,6902083893842,娃哈哈营养快线椰子味450ml,450ml,450ml,瓶,饮料,塑料,whh-whhyykx-pz-yzw-500g
258,6921168550142,农夫山泉维他命水柑橘味饮料500ml,500ml,500ml,瓶,酒饮,塑料,nfsq-nfsqwtms-pz-gjfw-500ml
259,6901010108165,第五季番石榴支装450ml,450ml,450ml,瓶,饮料,塑料,dwj-dwjfslsfyl-pz-fslw-450ml
260,6902934990362,喜之郎200g什锦果肉杯,200g,200g,杯,零食,塑料,xzl-xzlgd-wz-sjgrw-150g
261,6920476620035,雪碧500ml,500ml,500ml,瓶,饮料,塑料,xb-xbqsnmwqs-pz-yw-600ml
262,6921168550104,农夫山泉维他命水石榴味饮料500ml,500ml,500ml,瓶,酒饮,塑料,　
264,6911988009760,达利园108g好吃点香脆杏仁饼,108g,108g,包,零食,塑料,　
265,6914597101405,五羊甜筒香芋味,五羊,五羊甜筒香芋味,支装,香芋味,73g,wy-wytt-zz-xyw-73g
266,6914597101429,五羊甜筒哈密瓜味,五羊,五羊甜筒哈密瓜味,支装,哈密瓜味,73g,wy-wytt-zz-hmgw-73g
267,6918551812086,五羊甜筒双皮奶味,五羊,五羊甜筒双皮奶味,支装,双皮奶味,73g,wy-wytt-zz-spnw-73g
268,6918551811966,五羊甜筒榴莲味,五羊,五羊甜筒榴莲味,支装,榴莲味,73g,wy-wytt-zz-llw-73g
269,6918551812062,五羊甜筒芝士乌龙茶味雪糕,五羊,五羊甜筒芝士乌龙茶味雪糕,支装,芝士乌龙茶味,64g,wy-wytt-zz-zswlcw-64g
270,6918551811980,五羊甜筒芒果西柚味雪糕,五羊,五羊甜筒芒果西柚味雪糕,支装,芒果西柚味,64g,wy-wytt-zz-mgxyw-64g
271,6907992822747,伊利巧乐兹-巧恋果,伊利,伊利巧乐兹-巧恋果,支装,巧恋果,75g,yl-ylqlz-zz-qlgw-75g
272,6907992822761,伊利巧乐兹-香奶棒,伊利,伊利巧乐兹-香奶棒,支装,香奶棒,75g,yl-ylqlz-zz-xngw-76g
273,6907992822914,伊利佰豆集-心多多蜜豆,伊利,伊利佰豆集-心多多蜜豆,支装,伊利佰豆集-心多多蜜豆,75g,yl-ylbdj-zz-xddmdw-76g
274,6930692700091,明治栗子红豆雪糕,明治,明治栗子红豆雪糕,支装,明治栗子红豆雪糕,74g,mz-mzxg-zz-lzhdw-74g
275,6930692700022,明治炼乳红豆雪糕,明治,明治炼乳红豆雪糕,支装,明治炼乳红豆雪糕,87g,mz-mzxg-zz-lrhdw-74g
276,6930692700138,明治丝享—香草味冰淇淋,明治,明治丝享—香草味冰淇淋,杯装,明治丝享—香草味冰淇淋,108g,mz-mzsxbql-bz-xcw-108g
277,6930692700152,明治丝享—椰果奶茶冰淇淋,明治,明治丝享—椰果奶茶冰淇淋,杯装,明治丝享—椰果奶茶冰淇淋,103g,mz-mzsxbql-bz-ygncw-108g
278,6918551811515,雀巢圣代杯草莓味,雀巢,雀巢圣代杯草莓味,杯装,雀巢圣代杯草莓味,111g,qc-qcsdb-bz-cmw-111g
279,6918551811522,雀巢圣代杯巧克力味,雀巢,雀巢圣代杯巧克力味,杯装,雀巢圣代杯巧克力味,111g,qc-qcsdb-bz-qklw-111g
280,6918551810648,雀巢摩爵香草,雀巢,雀巢摩爵香草,支装,香草,65g,qc-qcmj-bz-xcw-65g
281,8851019010267,格力高Pocky奶油曲奇涂层饼干,格力高,格力高Pocky奶油曲奇涂层饼干,盒,奶油曲奇味 ,45g,glg-glgPockynyqqtcbg-hz-nyqqw-45g
282,6924743918313,乐事无限薯片,乐事,乐事无限薯片,罐,鲜浓番茄味,40g,ls-lswxsp-gz-xnfqw-40g
283,6901668005755,卡夫奥利奥巧克力夹心,卡夫,卡夫奥利奥巧克力夹心,盒,巧克力口味,116g,kf-kfalaqkljx-hz-qklkw-116g
284,6970862320049,乐宝卡通奇乐小猪,乐宝卡通,乐宝卡通奇乐小猪,盒,曲奇味,31g,lbkt-lbktqlxz-hz-qqw-31g
285,8851019010144,格力高Pocky草莓味涂层饼干,格力高,格力高Pocky草莓味涂层饼干,盒,草莓味,45g,glg-glgPockycmwtcbg-hz-cmw-45g
286,6901028189972,黄鹤楼（硬嘉禧缘）,黄鹤楼,黄鹤楼（硬嘉禧缘）,盒,金盒,16g,hhl-hhlyjxy-hz-jh-16g
287,6925448107309,乐潮脆皮牛奶软糖,乐潮,乐潮脆皮牛奶软糖,罐,综合口味,68g,lc-lccpnnrt-gz-zhkw-68g
288,6910289043749,青蛙珍果糖,青蛙珍果糖,青蛙珍果糖,罐,综合口味,80g,qwzgt-qwzgt-gz-zhkw-80g
289,6910289043725,老人头吉利糖,老人头吉利糖,老人头吉利糖,罐,综合口味,75g,lrtjlt-lrtjlt-gz-zhkw-75g
290,6926475201350,喜之郎吸果冻,喜之郎,喜之郎吸果冻,袋,香橙味,150g,xzl-xzlxgd-dz-xcw-150g
291,6920548862035,旺仔QQ糖,旺仔,旺仔QQ糖,袋,菠萝味,20g,wz-wzQQt-dz-blw-20g
292,6925448107279,乐潮树莓味软糖,乐潮,乐潮树莓味软糖,罐,树莓味,58g,lc-lcsmwrt-gz-smw-58g
293,6920548862042,旺仔QQ糖, 旺仔,旺仔QQ糖,袋,水蜜糖味,20g,wz-wzQQt-dz-smtw-20g
294,697048244868,小安喂素绝味鲍鱼味,小安喂,小安喂素绝味鲍鱼味,袋,素绝味鲍鱼味,130g,xaw-xawsjwbyw-dz-sjwbyw-130g
295,6910289044746,天凤奶瓶软糖,天凤奶瓶,天凤奶瓶软糖,罐,综合口味,26g,tfnp-tfnprt-gz-zhkw-26g
296,6901028193856,芙蓉王（蓝）,芙蓉王,芙蓉王（蓝）,盒,深蓝盒,26g,frw-frwl-hz-slh-26g
297,6901028118811,利群(长嘴),,利群(长嘴),盒,米黄红盒,26g,lq-lqcz-hz-mhhh-26g
298,6901028001618,双喜(硬经典1906),双喜,双喜(硬经典1906),盒,深红盒,26g,sx-sxyjd1906-hz-shh-26g
299,6901028317122,玉溪（软),玉溪,玉溪（软),盒,软盒,24g,yx-yxr-hz-rh-24g
300,6901028191296,芙蓉王（硬闪带细支）,芙蓉王,芙蓉王（硬闪带细支）,盒,深蓝盒,16g,frw-frwysdxz-hz-slh-16g
301,6901028000932,双喜（硬世纪经典）,双喜,双喜（硬世纪经典）,盒,深红盒,26g,sx-sxysjjd-hz-shh-26g
302,6901028180573,黄鹤楼（软蓝）,黄鹤楼,黄鹤楼（软蓝）,盒,软蓝盒,22g,hhl-hhlrl-hz-rlh-22g
303,6901028007948,双喜（龙）,双喜,双喜（龙）,盒,褐色盒,26g,sx-sxl-hz-hsh-26g
304,6901028316989,玉溪（1973硬）,玉溪,玉溪（1973硬）,盒,1973硬盒,24g,yx-yx1973y-hz-1973yh-24g
305,6901028000642,双喜（硬经典）,双喜,双喜（硬经典）,盒,硬经典红盒,24g,sx-sxyjd-hz-yjdhh-24g
306,6901028208932,黄山（红方印细支）,黄山,黄山（红方印细支）,盒,米色盒,18g,hs-hshfyxz-hz-msh-18g
307,6901028075763,中华（硬）,中华,中华（硬）,盒,硬红盒,26g,zh-zhy-hz-yhh-26g
308,8888075018609,SE555(双冰),SE555,SE555(双冰),盒,双冰深蓝盒,28g,SE555-SE555sb-hz-sbslh-28g
309,6901028193498,芙蓉王（硬）,芙蓉王,芙蓉王（硬）,盒,硬灰金盒,26g,frw-frwy-hz-yhjh-26g
310,6901028003582,双喜（经典工坊）,双喜,双喜（经典工坊）,盒,经典工坊淡粉盒,24g,sx-sxjdgf-hz-jdgfdfh-24g
311,6901028165969,黄金叶（大M）,黄金叶,黄金叶（大M）,盒,大M黑盒,26g,hjy-hjydM-hz-dMhh-28g
312,6901028011990,真龙（凌云）,真龙,真龙（凌云）,盒,凌云金盒,16g,zl-zlly-hz-lyjh-16g
313,6901028005203,双喜（硬红五叶神）,双喜,双喜（硬红五叶神）,盒,硬红五叶神红盒,24g,sx-sxyhwys-hz-yhwyshh-24g
